{
"video_name": "shuttle",
"fps": 52.075471698113205,
"height": 1912,
"width": 2940,
"total_frames": 92,
"video_name": "shuttle",
"fps": 52.075471698113205,
"height": 1912,
"width": 2940,
"total_frames": 92,
"video_name": "shuttle",
"fps": 52.075471698113205,
"height": 1912,
"width": 2940,
"total_frames": 92,
"video_name": "shuttle",
"fps": 52.075471698113205,
"height": 1912,
"width": 2940,
"total_frames": 92
}