{
    "0": {
        "x_center": 1041.7897338867188,
        "y_center": 394.4495849609375,
        "smoothened_speed": 0.0
    },
    "1": {
        "x_center": 1041.7897338867188,
        "y_center": 394.4495849609375,
        "smoothened_speed": 0.0
    },
    "2": {
        "x_center": 1041.7897338867188,
        "y_center": 394.4495849609375,
        "smoothened_speed": 0.0
    },
    "3": {
        "x_center": 1041.7897338867188,
        "y_center": 394.4495849609375,
        "smoothened_speed": 0.0
    },
    "4": {
        "x_center": 1041.7897338867188,
        "y_center": 394.4495849609375,
        "smoothened_speed": 0.0
    },
    "5": {
        "x_center": 1041.7897338867188,
        "y_center": 394.4495849609375,
        "smoothened_speed": 0.0
    },
    "6": {
        "x_center": 1041.7897338867188,
        "y_center": 394.4495849609375,
        "smoothened_speed": 0.0
    },
    "7": {
        "x_center": 1041.7897338867188,
        "y_center": 394.4495849609375,
        "smoothened_speed": 0.0
    },
    "8": {
        "x_center": 1041.7897338867188,
        "y_center": 394.4495849609375,
        "smoothened_speed": 0.0
    },
    "9": {
        "x_center": 1041.7897338867188,
        "y_center": 394.4495849609375,
        "smoothened_speed": 0.0
    },
    "10": {
        "x_center": 1041.7897338867188,
        "y_center": 394.4495849609375,
        "smoothened_speed": 0.0
    },
    "11": {
        "x_center": 1041.7897338867188,
        "y_center": 394.4495849609375,
        "smoothened_speed": 0.0
    },
    "12": {
        "x_center": 1041.7897338867188,
        "y_center": 394.4495849609375,
        "smoothened_speed": 0.0
    },
    "13": {
        "x_center": 1041.7897338867188,
        "y_center": 394.4495849609375,
        "smoothened_speed": 0.0
    },
    "14": {
        "x_center": 1041.7897338867188,
        "y_center": 394.4495849609375,
        "smoothened_speed": 0.0
    },
    "15": {
        "x_center": 1041.7897338867188,
        "y_center": 394.4495849609375,
        "smoothened_speed": 0.0
    },
    "16": {
        "x_center": 1041.7897338867188,
        "y_center": 394.4495849609375,
        "smoothened_speed": 0.0
    },
    "17": {
        "x_center": 1041.7897338867188,
        "y_center": 394.4495849609375,
        "smoothened_speed": 0.0
    },
    "18": {
        "x_center": 1041.7897338867188,
        "y_center": 394.4495849609375,
        "smoothened_speed": 0.0
    },
    "19": {
        "x_center": 1041.7897338867188,
        "y_center": 394.4495849609375,
        "smoothened_speed": 0.0
    },
    "20": {
        "x_center": 1041.7897338867188,
        "y_center": 394.4495849609375,
        "smoothened_speed": 0.0
    },
    "21": {
        "x_center": 1041.7958984375,
        "y_center": 394.45135498046875,
        "smoothened_speed": 0.001167816063270382
    },
    "22": {
        "x_center": 1045.7960205078125,
        "y_center": 362.3724670410156,
        "smoothened_speed": 10.506816701554202
    },
    "23": {
        "x_center": 1045.7942504882812,
        "y_center": 362.36558532714844,
        "smoothened_speed": 7.881805715019843
    },
    "24": {
        "x_center": 1047.7275390625,
        "y_center": 338.41558837890625,
        "smoothened_speed": 11.01029912688235
    },
    "25": {
        "x_center": 1047.7217407226562,
        "y_center": 338.41746520996094,
        "smoothened_speed": 11.010770305319138
    },
    "26": {
        "x_center": 1047.7255859375,
        "y_center": 338.4091491699219,
        "smoothened_speed": 11.011948024244784
    },
    "27": {
        "x_center": 1052.4913330078125,
        "y_center": 304.82017517089844,
        "smoothened_speed": 11.309688820017152
    },
    "28": {
        "x_center": 1052.4970703125,
        "y_center": 304.83245849609375,
        "smoothened_speed": 11.310764158298323
    },
    "29": {
        "x_center": 1054.757797241211,
        "y_center": 295.48066902160645,
        "smoothened_speed": 10.594619225609307
    },
    "30": {
        "x_center": 1057.0185241699219,
        "y_center": 286.12887954711914,
        "smoothened_speed": 9.878474292920291
    },
    "31": {
        "x_center": 1059.2792510986328,
        "y_center": 276.77709007263184,
        "smoothened_speed": 9.162329360231276
    },
    "32": {
        "x_center": 1061.5399780273438,
        "y_center": 267.42530059814453,
        "smoothened_speed": 8.44618442754226
    },
    "33": {
        "x_center": 1061.5390014648438,
        "y_center": 267.4354705810547,
        "smoothened_speed": 8.447711269642308
    },
    "34": {
        "x_center": 1064.3987426757812,
        "y_center": 258.49813079833984,
        "smoothened_speed": 10.207339289752571
    },
    "35": {
        "x_center": 1064.3939208984375,
        "y_center": 258.50988006591797,
        "smoothened_speed": 3.608296053797614
    },
    "36": {
        "x_center": 1067.3635864257812,
        "y_center": 246.0409698486328,
        "smoothened_speed": 6.059398565558532
    },
    "37": {
        "x_center": 1067.38134765625,
        "y_center": 246.05807495117188,
        "smoothened_speed": 4.222601428211844
    },
    "38": {
        "x_center": 1067.3627319335938,
        "y_center": 246.03511810302734,
        "smoothened_speed": 4.225209589275012
    },
    "39": {
        "x_center": 1071.0602010091145,
        "y_center": 242.99363454182944,
        "smoothened_speed": 3.8467802279729146
    },
    "40": {
        "x_center": 1074.7576700846355,
        "y_center": 239.9521509806315,
        "smoothened_speed": 3.4683508666708165
    },
    "41": {
        "x_center": 1078.4551391601562,
        "y_center": 236.9106674194336,
        "smoothened_speed": 3.089921505368719
    },
    "42": {
        "x_center": 1078.4657592773438,
        "y_center": 236.86078643798828,
        "smoothened_speed": 3.0974125314924246
    },
    "43": {
        "x_center": 1078.4658813476562,
        "y_center": 236.86246490478516,
        "smoothened_speed": 0.6442098431681755
    },
    "44": {
        "x_center": 1083.7252807617188,
        "y_center": 236.9828643798828,
        "smoothened_speed": 0.9079856174163916
    },
    "45": {
        "x_center": 1083.7202758789062,
        "y_center": 236.99773406982422,
        "smoothened_speed": 0.90631084476743
    },
    "46": {
        "x_center": 1088.0614624023438,
        "y_center": 239.0412139892578,
        "smoothened_speed": 0.7378831334810997
    },
    "47": {
        "x_center": 1088.0660400390625,
        "y_center": 239.026611328125,
        "smoothened_speed": 0.730948994597304
    },
    "48": {
        "x_center": 1091.3535766601562,
        "y_center": 243.30105590820312,
        "smoothened_speed": 1.586462535749737
    },
    "49": {
        "x_center": 1091.3511352539062,
        "y_center": 243.27354431152344,
        "smoothened_speed": 1.3246138311454532
    },
    "50": {
        "x_center": 1091.39697265625,
        "y_center": 243.2774887084961,
        "smoothened_speed": 1.3241284093127281
    },
    "51": {
        "x_center": 1094.7319259643555,
        "y_center": 248.92183208465576,
        "smoothened_speed": 1.4071013169038253
    },
    "52": {
        "x_center": 1098.066879272461,
        "y_center": 254.56617546081543,
        "smoothened_speed": 1.4900742244949228
    },
    "53": {
        "x_center": 1101.4018325805664,
        "y_center": 260.2105188369751,
        "smoothened_speed": 1.5730471320860202
    },
    "54": {
        "x_center": 1104.7367858886719,
        "y_center": 265.85486221313477,
        "smoothened_speed": 1.6560200396771174
    },
    "55": {
        "x_center": 1108.0717391967773,
        "y_center": 271.49920558929443,
        "smoothened_speed": 1.7389929472682146
    },
    "56": {
        "x_center": 1111.4066925048828,
        "y_center": 277.1435489654541,
        "smoothened_speed": 1.821965854859312
    },
    "57": {
        "x_center": 1114.7416458129883,