{
    "0": {
        "x_center": 1041.7897338867188,
        "y_center": 394.4495849609375,
        "smoothened_speed": 0.0
    },
    "1": {
        "x_center": 1041.7897338867188,
        "y_center": 394.4495849609375,
        "smoothened_speed": 0.0
    },
    "2": {
        "x_center": 1041.7897338867188,
        "y_center": 394.4495849609375,
        "smoothened_speed": 0.0
    },
    "3": {
        "x_center": 1041.7897338867188,
        "y_center": 394.4495849609375,
        "smoothened_speed": 0.0
    },
    "4": {
        "x_center": 1041.7897338867188,
        "y_center": 394.4495849609375,
        "smoothened_speed": 0.0
    },
    "5": {
        "x_center": 1041.7897338867188,
        "y_center": 394.4495849609375,
        "smoothened_speed": 0.0
    },
    "6": {
        "x_center": 1041.7897338867188,
        "y_center": 394.4495849609375,
        "smoothened_speed": 0.0
    },
    "7": {
        "x_center": 1041.7897338867188,
        "y_center": 394.4495849609375,
        "smoothened_speed": 0.0
    },
    "8": {
        "x_center": 1041.7897338867188,
        "y_center": 394.4495849609375,
        "smoothened_speed": 0.0
    },
    "9": {
        "x_center": 1041.7897338867188,
        "y_center": 394.4495849609375,
        "smoothened_speed": 0.0
    },
    "10": {
        "x_center": 1041.7897338867188,
        "y_center": 394.4495849609375,
        "smoothened_speed": 0.0
    },
    "11": {
        "x_center": 1041.7897338867188,
        "y_center": 394.4495849609375,
        "smoothened_speed": 0.0
    },
    "12": {
        "x_center": 1041.7897338867188,
        "y_center": 394.4495849609375,
        "smoothened_speed": 0.0
    },
    "13": {
        "x_center": 1041.7897338867188,
        "y_center": 394.4495849609375,
        "smoothened_speed": 0.0
    },
    "14": {
        "x_center": 1041.7897338867188,
        "y_center": 394.4495849609375,
        "smoothened_speed": 0.0
    },
    "15": {
        "x_center": 1041.7897338867188,
        "y_center": 394.4495849609375,
        "smoothened_speed": 0.0
    },
    "16": {
        "x_center": 1041.7897338867188,
        "y_center": 394.4495849609375,
        "smoothened_speed": 0.0
    },
    "17": {
        "x_center": 1041.7897338867188,
        "y_center": 394.4495849609375,
        "smoothened_speed": 0.0
    },
    "18": {
        "x_center": 1041.7897338867188,
        "y_center": 394.4495849609375,
        "smoothened_speed": 0.0
    },
    "19": {
        "x_center": 1041.7897338867188,
        "y_center": 394.4495849609375,
        "smoothened_speed": 0.0
    },
    "20": {
        "x_center": 1041.7897338867188,
        "y_center": 394.4495849609375,
        "smoothened_speed": 0.0
    },
    "21": {
        "x_center": 1041.7958984375,
        "y_center": 394.45135498046875,
        "smoothened_speed": 0.00320681522213303
    },
    "22": {
        "x_center": 1045.7960205078125,
        "y_center": 362.3724670410156,
        "smoothened_speed": 10.77791332201999
    },
    "23": {
        "x_center": 1045.7942504882812,
        "y_center": 362.36558532714844,
        "smoothened_speed": 8.085211416205397
    },
    "24": {
        "x_center": 1047.7275390625,
        "y_center": 338.41558837890625,
        "smoothened_speed": 11.273749050235551
    },
    "25": {
        "x_center": 1047.7217407226562,
        "y_center": 338.41746520996094,
        "smoothened_speed": 11.274967955313915
    },
    "26": {
        "x_center": 1047.7255859375,
        "y_center": 338.4091491699219,
        "smoothened_speed": 11.275517628735276
    },
    "27": {
        "x_center": 1052.4913330078125,
        "y_center": 304.82017517089844,
        "smoothened_speed": 11.595128689687641
    },
    "28": {
        "x_center": 1052.4970703125,
        "y_center": 304.83245849609375,
        "smoothened_speed": 11.596418983083533
    },
    "29": {
        "x_center": 1054.757797241211,
        "y_center": 295.48066902160645,
        "smoothened_speed": 10.876082349035116
    },
    "30": {
        "x_center": 1057.0185241699219,
        "y_center": 286.12887954711914,
        "smoothened_speed": 10.1557457149867
    },
    "31": {
        "x_center": 1059.2792510986328,
        "y_center": 276.77709007263184,
        "smoothened_speed": 9.435409080938284
    },
    "32": {
        "x_center": 1061.5399780273438,
        "y_center": 267.42530059814453,
        "smoothened_speed": 8.715072446889867
    },
    "33": {
        "x_center": 1061.5390014648438,
        "y_center": 267.4354705810547,
        "smoothened_speed": 8.715896894220752
    },
    "34": {
        "x_center": 1064.3987426757812,
        "y_center": 258.49813079833984,
        "smoothened_speed": 10.590808080661816
    },
    "35": {
        "x_center": 1064.3939208984375,
        "y_center": 258.50988006591797,
        "smoothened_speed": 3.808271790581105
    },
    "36": {
        "x_center": 1067.3635864257812,
        "y_center": 246.0409698486328,
        "smoothened_speed": 6.369094132135396
    },
    "37": {
        "x_center": 1067.38134765625,
        "y_center": 246.05807495117188,
        "smoothened_speed": 4.449792468165025
    },
    "38": {
        "x_center": 1067.3627319335938,
        "y_center": 246.03511810302734,
        "smoothened_speed": 4.453660332235474
    },
    "39": {
        "x_center": 1071.0602010091145,
        "y_center": 242.99363454182944,
        "smoothened_speed": 4.1472579430754735
    },
    "40": {
        "x_center": 1074.7576700846355,
        "y_center": 239.9521509806315,
        "smoothened_speed": 3.8408555539154734
    },
    "41": {
        "x_center": 1078.4551391601562,
        "y_center": 236.9106674194336,
        "smoothened_speed": 3.5344531647554733
    },
    "42": {
        "x_center": 1078.4657592773438,
        "y_center": 236.86078643798828,
        "smoothened_speed": 3.54211292910979
    },
    "43": {
        "x_center": 1078.4658813476562,
        "y_center": 236.86246490478516,
        "smoothened_speed": 0.9789157343799145
    },
    "44": {
        "x_center": 1083.7252807617188,
        "y_center": 236.9828643798828,
        "smoothened_speed": 2.026139485447353
    },
    "45": {
        "x_center": 1083.7202758789062,
        "y_center": 236.99773406982422,
        "smoothened_speed": 2.0233661442419186
    },
    "46": {
        "x_center": 1088.0614624023438,
        "y_center": 239.0412139892578,
        "smoothened_speed": 2.0254486212161966
    },
    "47": {
        "x_center": 1088.0660400390625,
        "y_center": 239.026611328125,
        "smoothened_speed": 2.018309488532949
    },
    "48": {
        "x_center": 1091.3535766601562,
        "y_center": 243.30105590820312,
        "smoothened_speed": 3.0964676652131593
    },
    "49": {
        "x_center": 1091.3511352539062,
        "y_center": 243.27352905273438,
        "smoothened_speed": 2.0498391789870176
    },
    "50": {
        "x_center": 1091.39697265625,
        "y_center": 243.2774887084961,
        "smoothened_speed": 2.0559029260205333
    },
    "51": {
        "x_center": 1094.7319259643555,
        "y_center": 248.92183208465576,
        "smoothened_speed": 2.099849400486031
    },
    "52": {
        "x_center": 1098.066879272461,
        "y_center": 254.56617546081543,
        "smoothened_speed": 2.1437958749515285
    },
    "53": {
        "x_center": 1101.4018325805664,
        "y_center": 260.2105188369751,
        "smoothened_speed": 2.187742349417026
    },
    "54": {
        "x_center": 1104.7367858886719,
        "y_center": 265.85486221313477,
        "smoothened_speed": 2.231688823882523
    },
    "55": {
        "x_center": 1108.0717391967773,
        "y_center": 271.49920558929443,
        "smoothened_speed": 2.275635298348021
    },
    "56": {
        "x_center": 1111.4066925048828,
        "y_center": 277.1435489654541,
        "smoothened_speed": 2.3195817728135184
    },
    "57": {
        "x_center": 1114.7416458129883,