{
    "0": {
        "x_center": 254.7663803100586,
        "y_center": 302.8556365966797,
        "smoothened_speed": 0.0
    },
    "1": {
        "x_center": 255.0707867940267,
        "y_center": 292.1575075785319,
        "smoothened_speed": 0.2847794635921538
    },
    "2": {
        "x_center": 255.37519327799478,
        "y_center": 281.4593785603841,
        "smoothened_speed": 0.5695589271843076
    },
    "3": {
        "x_center": 255.6795997619629,
        "y_center": 270.7612495422363,
        "smoothened_speed": 0.8543383907764613
    },
    "4": {
        "x_center": 255.984006245931,
        "y_center": 260.06312052408856,
        "smoothened_speed": 1.1391178543686151
    },
    "5": {
        "x_center": 256.2884127298991,
        "y_center": 249.36499150594074,
        "smoothened_speed": 1.423897317960769
    },
    "6": {
        "x_center": 256.5928192138672,
        "y_center": 238.66686248779297,
        "smoothened_speed": 1.7086767815529227
    },
    "7": {
        "x_center": 256.89722569783527,
        "y_center": 227.96873346964517,
        "smoothened_speed": 1.9934562451450764
    },
    "8": {
        "x_center": 257.2016321818034,
        "y_center": 217.27060445149738,
        "smoothened_speed": 2.2782357087372302
    },
    "9": {
        "x_center": 257.5060386657715,
        "y_center": 206.5724754333496,
        "smoothened_speed": 2.563015172329384
    },
    "10": {
        "x_center": 257.81044514973956,
        "y_center": 195.8743464152018,
        "smoothened_speed": 2.847794635921538
    },
    "11": {
        "x_center": 258.1148516337077,
        "y_center": 185.17621739705402,
        "smoothened_speed": 3.1325740995136915
    },
    "12": {
        "x_center": 258.4192581176758,
        "y_center": 174.47808837890625,
        "smoothened_speed": 3.4173535631058454
    },
    "13": {
        "x_center": 258.72366460164386,
        "y_center": 163.77995936075845,
        "smoothened_speed": 3.7021330266979993
    },
    "14": {
        "x_center": 259.028071085612,
        "y_center": 153.08183034261066,
        "smoothened_speed": 3.9869124902901527
    },
    "15": {
        "x_center": 259.3324775695801,
        "y_center": 142.3837013244629,
        "smoothened_speed": 4.271691953882307
    },
    "16": {
        "x_center": 259.63688405354816,
        "y_center": 131.6855723063151,
        "smoothened_speed": 4.5564714174744605
    },
    "17": {
        "x_center": 259.9412905375163,
        "y_center": 120.9874432881673,
        "smoothened_speed": 4.841250881066614
    },
    "18": {
        "x_center": 260.2456970214844,
        "y_center": 110.28931427001953,
        "smoothened_speed": 5.126030344658768
    },
    "19": {
        "x_center": 260.248046875,
        "y_center": 110.291259765625,
        "smoothened_speed": 3.417998416750656
    },
    "20": {
        "x_center": 260.2610168457031,
        "y_center": 110.27618408203125,
        "smoothened_speed": 2.567180156559229
    },
    "21": {
        "x_center": 261.17555236816406,
        "y_center": 99.02687454223633,
        "smoothened_speed": 4.210124859837749
    },
    "22": {
        "x_center": 261.1755676269531,
        "y_center": 99.02703857421875,
        "smoothened_speed": 4.210156304827162
    },
    "23": {
        "x_center": 261.97032165527344,
        "y_center": 91.0418701171875,
        "smoothened_speed": 3.6905542193248793
    },
    "24": {
        "x_center": 261.9710235595703,
        "y_center": 91.04156875610352,
        "smoothened_speed": 3.690232790456559
    },
    "25": {
        "x_center": 262.8441925048828,
        "y_center": 84.89666366577148,
        "smoothened_speed": 4.865625524241606
    },
    "26": {
        "x_center": 262.84422302246094,
        "y_center": 84.89685440063477,
        "smoothened_speed": 2.7092813698811824
    },
    "27": {
        "x_center": 262.8455810546875,
        "y_center": 84.9134635925293,
        "smoothened_speed": 2.7124337481290257
    },
    "28": {
        "x_center": 264.0531311035156,
        "y_center": 76.20731353759766,
        "smoothened_speed": 2.8510601790229915
    },
    "29": {
        "x_center": 264.05311584472656,
        "y_center": 76.20739364624023,
        "smoothened_speed": 2.85101006371137
    },
    "30": {
        "x_center": 267.1017094364873,
        "y_center": 81.65866880063658,
        "smoothened_speed": 2.8463802930858186
    },
    "31": {
        "x_center": 270.15030302824795,
        "y_center": 87.10994395503292,
        "smoothened_speed": 2.8417505224602677
    },
    "32": {
        "x_center": 273.19889662000867,
        "y_center": 92.56121910942926,
        "smoothened_speed": 2.8371207518347163
    },
    "33": {
        "x_center": 276.2474902117694,
        "y_center": 98.0124942638256,
        "smoothened_speed": 2.832490981209165
    },
    "34": {
        "x_center": 279.2960838035301,
        "y_center": 103.46376941822194,
        "smoothened_speed": 2.8278612105836136
    },
    "35": {
        "x_center": 282.3446773952908,
        "y_center": 108.91504457261827,
        "smoothened_speed": 2.8232314399580627
    },
    "36": {
        "x_center": 285.3932709870515,
        "y_center": 114.36631972701461,
        "smoothened_speed": 2.8186016693325113
    },
    "37": {
        "x_center": 288.4418645788122,
        "y_center": 119.81759488141095,
        "smoothened_speed": 2.81397189870696
    },
    "38": {
        "x_center": 291.49045817057294,
        "y_center": 125.2688700358073,
        "smoothened_speed": 2.8093421280814086
    },
    "39": {
        "x_center": 294.5390517623336,
        "y_center": 130.72014519020365,
        "smoothened_speed": 2.8047123574558577
    },
    "40": {
        "x_center": 297.5876453540943,
        "y_center": 136.17142034459997,
        "smoothened_speed": 2.8000825868303063
    },
    "41": {
        "x_center": 300.63623894585504,
        "y_center": 141.6226954989963,
        "smoothened_speed": 2.795452816204755
    },
    "42": {
        "x_center": 303.68483253761576,
        "y_center": 147.07397065339265,
        "smoothened_speed": 2.7908230455792036
    },
    "43": {
        "x_center": 306.7334261293764,
        "y_center": 152.525245807789,
        "smoothened_speed": 2.7861932749536527
    },
    "44": {
        "x_center": 309.78201972113715,
        "y_center": 157.97652096218533,
        "smoothened_speed": 2.7815635043281013
    },
    "45": {
        "x_center": 312.83061331289787,
        "y_center": 163.42779611658167,
        "smoothened_speed": 2.77693373370255
    },
    "46": {
        "x_center": 315.8792069046586,
        "y_center": 168.87907127097802,
        "smoothened_speed": 2.7723039630769986
    },
    "47": {
        "x_center": 318.92780049641925,
        "y_center": 174.33034642537436,
        "smoothened_speed": 2.7676741924514476
    },
    "48": {
        "x_center": 321.97639408818,
        "y_center": 179.7816215797707,
        "smoothened_speed": 2.7630444218258963
    },
    "49": {
        "x_center": 325.0249876799407,
        "y_center": 185.23289673416704,
        "smoothened_speed": 2.758414651200345
    },
    "50": {
        "x_center": 328.0735812717014,
        "y_center": 190.68417188856336,
        "smoothened_speed": 2.7537848805747935
    },
    "51": {
        "x_center": 331.1221748634621,
        "y_center": 196.1354470429597,
        "smoothened_speed": 2.7491551099492426
    },
    "52": {
        "x_center": 334.1707684552228,
        "y_center": 201.58672219735604,
        "smoothened_speed": 2.7445253393236912
    },
    "53": {
        "x_center": 337.2193620469835,
        "y_center": 207.03799735175238,
        "smoothened_speed": 2.73989556869814
    },
    "54": {
        "x_center": 340.2679556387442,
        "y_center": 212.48927250614872,
        "smoothened_speed": 2.7352657980725885
    },
    "55": {
        "x_center": 343.3165492305049,
        "y_center": 217.94054766054506,