{
    "0": {
        "x_center": 1041.7897338867188,
        "y_center": 394.4495849609375,
        "smoothened_speed": 0.0
    },
    "1": {
        "x_center": 1041.7897338867188,
        "y_center": 394.4495849609375,
        "smoothened_speed": 0.0
    },
    "2": {
        "x_center": 1041.7897338867188,
        "y_center": 394.4495849609375,
        "smoothened_speed": 0.0
    },
    "3": {
        "x_center": 1041.7897338867188,
        "y_center": 394.4495849609375,
        "smoothened_speed": 0.0
    },
    "4": {
        "x_center": 1041.7897338867188,
        "y_center": 394.4495849609375,
        "smoothened_speed": 0.0
    },
    "5": {
        "x_center": 1041.7897338867188,
        "y_center": 394.4495849609375,
        "smoothened_speed": 0.0
    },
    "6": {
        "x_center": 1041.7897338867188,
        "y_center": 394.4495849609375,
        "smoothened_speed": 0.0
    },
    "7": {
        "x_center": 1041.7897338867188,
        "y_center": 394.4495849609375,
        "smoothened_speed": 0.0
    },
    "8": {
        "x_center": 1041.7897338867188,
        "y_center": 394.4495849609375,
        "smoothened_speed": 0.0
    },
    "9": {
        "x_center": 1041.7897338867188,
        "y_center": 394.4495849609375,
        "smoothened_speed": 0.0
    },
    "10": {
        "x_center": 1041.7897338867188,
        "y_center": 394.4495849609375,
        "smoothened_speed": 0.0
    },
    "11": {
        "x_center": 1041.7897338867188,
        "y_center": 394.4495849609375,
        "smoothened_speed": 0.0
    },
    "12": {
        "x_center": 1041.7897338867188,
        "y_center": 394.4495849609375,
        "smoothened_speed": 0.0
    },
    "13": {
        "x_center": 1041.7897338867188,
        "y_center": 394.4495849609375,
        "smoothened_speed": 0.0
    },
    "14": {
        "x_center": 1041.7897338867188,
        "y_center": 394.4495849609375,
        "smoothened_speed": 0.0
    },
    "15": {
        "x_center": 1041.7897338867188,
        "y_center": 394.4495849609375,
        "smoothened_speed": 0.0
    },
    "16": {
        "x_center": 1041.7897338867188,
        "y_center": 394.4495849609375,
        "smoothened_speed": 0.0
    },
    "17": {
        "x_center": 1041.7897338867188,
        "y_center": 394.4495849609375,
        "smoothened_speed": 0.0
    },
    "18": {
        "x_center": 1041.7897338867188,
        "y_center": 394.4495849609375,
        "smoothened_speed": 0.0
    },
    "19": {
        "x_center": 1041.7897338867188,
        "y_center": 394.4495849609375,
        "smoothened_speed": 0.0
    },
    "20": {
        "x_center": 1041.7897338867188,
        "y_center": 394.4495849609375,
        "smoothened_speed": 0.0
    },
    "21": {
        "x_center": 1041.7958984375,
        "y_center": 394.45135498046875,
        "smoothened_speed": 0.013554621197794714
    },
    "22": {
        "x_center": 1045.7960205078125,
        "y_center": 362.3724670410156,
        "smoothened_speed": 80.79657980925597
    },
    "23": {
        "x_center": 1045.7942504882812,
        "y_center": 362.36558532714844,
        "smoothened_speed": 60.61051719829501
    },
    "24": {
        "x_center": 1047.7275390625,
        "y_center": 338.41558837890625,
        "smoothened_speed": 84.63586954266349
    },
    "25": {
        "x_center": 1047.7217407226562,
        "y_center": 338.41746520996094,
        "smoothened_speed": 84.64113402130195
    },
    "26": {
        "x_center": 1047.7255859375,
        "y_center": 338.4091491699219,
        "smoothened_speed": 84.64859380992527
    },
    "27": {
        "x_center": 1052.4913330078125,
        "y_center": 304.82017517089844,
        "smoothened_speed": 86.96023381428127
    },
    "28": {
        "x_center": 1052.4970703125,
        "y_center": 304.83245849609375,
        "smoothened_speed": 86.96880508496061
    },
    "29": {
        "x_center": 1054.757797241211,
        "y_center": 295.48066902160645,
        "smoothened_speed": 81.48406937253517
    },
    "30": {
        "x_center": 1057.0185241699219,
        "y_center": 286.12887954711914,
        "smoothened_speed": 75.99933366010973
    },
    "31": {
        "x_center": 1059.2792510986328,
        "y_center": 276.77709007263184,
        "smoothened_speed": 70.51459794768428
    },
    "32": {
        "x_center": 1061.5399780273438,
        "y_center": 267.42530059814453,
        "smoothened_speed": 65.02986223525885
    },
    "33": {
        "x_center": 1061.5390014648438,
        "y_center": 267.4354705810547,
        "smoothened_speed": 65.03995253462838
    },
    "34": {
        "x_center": 1064.3987426757812,
        "y_center": 258.49813079833984,
        "smoothened_speed": 78.68143643262756
    },
    "35": {
        "x_center": 1064.3939208984375,
        "y_center": 258.50988006591797,
        "smoothened_speed": 27.91536898809062
    },
    "36": {
        "x_center": 1067.3635864257812,
        "y_center": 246.0409698486328,
        "smoothened_speed": 46.83667050616657
    },
    "37": {
        "x_center": 1067.38134765625,
        "y_center": 246.05807495117188,
        "smoothened_speed": 32.65731676581697
    },
    "38": {
        "x_center": 1067.3627319335938,
        "y_center": 246.03511810302734,
        "smoothened_speed": 32.6794000196717
    },
    "39": {
        "x_center": 1071.0602010091145,
        "y_center": 242.99363454182944,
        "smoothened_speed": 29.92453026722542
    },
    "40": {
        "x_center": 1074.7576700846355,
        "y_center": 239.9521509806315,
        "smoothened_speed": 27.169660514779146
    },
    "41": {
        "x_center": 1078.4551391601562,
        "y_center": 236.9106674194336,
        "smoothened_speed": 24.41479076233287
    },
    "42": {
        "x_center": 1078.4657592773438,
        "y_center": 236.86078643798828,
        "smoothened_speed": 24.47235192634703
    },
    "43": {
        "x_center": 1078.4658813476562,
        "y_center": 236.86246490478516,
        "smoothened_speed": 5.534546155388919
    },
    "44": {
        "x_center": 1083.7252807617188,
        "y_center": 236.9828643798828,
        "smoothened_speed": 9.535823225500646
    },
    "45": {
        "x_center": 1083.7202758789062,
        "y_center": 236.99773406982422,
        "smoothened_speed": 9.52113401031299
    },
    "46": {
        "x_center": 1088.0614624023438,
        "y_center": 239.0412139892578,
        "smoothened_speed": 8.66363619026487
    },
    "47": {
        "x_center": 1088.0660400390625,
        "y_center": 239.026611328125,
        "smoothened_speed": 8.610274677775596
    },
    "48": {
        "x_center": 1091.3535766601562,
        "y_center": 243.30105590820312,
        "smoothened_speed": 15.527610939706841
    },
    "49": {
        "x_center": 1091.3511352539062,
        "y_center": 243.27352905273438,
        "smoothened_speed": 11.538727858496001
    },
    "50": {
        "x_center": 1091.39697265625,
        "y_center": 243.2774887084961,
        "smoothened_speed": 11.551574387985063
    },
    "51": {
        "x_center": 1094.7319259643555,
        "y_center": 248.92183208465576,
        "smoothened_speed": 12.09584797742375
    },
    "52": {
        "x_center": 1098.066879272461,
        "y_center": 254.56617546081543,
        "smoothened_speed": 12.640121566862437
    },
    "53": {
        "x_center": 1101.4018325805664,
        "y_center": 260.2105188369751,
        "smoothened_speed": 13.184395156301123
    },
    "54": {
        "x_center": 1104.7367858886719,
        "y_center": 265.85486221313477,
        "smoothened_speed": 13.72866874573981
    },
    "55": {
        "x_center": 1108.0717391967773,
        "y_center": 271.49920558929443,
        "smoothened_speed": 14.272942335178499
    },
    "56": {
        "x_center": 1111.4066925048828,
        "y_center": 277.1435489654541,
        "smoothened_speed": 14.817215924617186
    },
    "57": {
        "x_center": 1114.7416458129883,