{
"video_name": "short_shuttle",
"fps": 57.89473684210526,
"height": 1912,
"width": 2940,
"total_frames": 110,
"video_name": "short_shuttle",
"fps": 57.89473684210526,
"height": 1912,
"width": 2940,
"total_frames": 110,
"video_name": "short_shuttle",
"fps": 57.89473684210526,
"height": 1912,
"width": 2940,
"total_frames": 110,
"video_name": "short_shuttle",
"fps": 57.89473684210526,
"height": 1912,
"width": 2940,
"total_frames": 110,
"video_name": "short_shuttle",
"fps": 57.89473684210526,
"height": 1912,
"width": 2940,
"total_frames": 110,
"video_name": "short_shuttle",
"fps": 57.89473684210526,
"height": 1912,
"width": 2940,
"total_frames": 110,
"video_name": "short_shuttle",
"fps": 57.89473684210526,
"height": 1912,
"width": 2940,
"total_frames": 110,
"video_name": "short_shuttle",
"fps": 57.89473684210526,
"height": 1912,
"width": 2940,
"total_frames": 110,
"video_name": "short_shuttle",
"fps": 57.89473684210526,
"height": 1912,
"width": 2940,
"total_frames": 110,
"video_name": "short_shuttle",
"fps": 57.89473684210526,
"height": 1912,
"width": 2940,
"total_frames": 110,
"video_name": "short_shuttle",
"fps": 57.89473684210526,
"height": 1912,
"width": 2940,
"total_frames": 110,
"video_name": "short_shuttle",
"fps": 57.89473684210526,
"height": 1912,
"width": 2940,
"total_frames": 110,
"video_name": "short_shuttle",
"fps": 57.89473684210526,
"height": 1912,
"width": 2940,
"total_frames": 110,
"video_name": "short_shuttle",
"fps": 57.89473684210526,
"height": 1912,
"width": 2940,
"total_frames": 110,
"video_name": "short_shuttle",
"fps": 57.89473684210526,
"height": 1912,
"width": 2940,
"total_frames": 110,
"video_name": "short_shuttle",
"fps": 57.89473684210526,
"height": 1912,
"width": 2940,
"total_frames": 110,
"video_name": "short_shuttle",
"fps": 57.89473684210526,
"height": 1912,
"width": 2940,
"total_frames": 110,
"video_name": "short_shuttle",
"fps": 57.89473684210526,
"height": 1912,
"width": 2940,
"total_frames": 110,
"video_name": "short_shuttle",
"fps": 57.89473684210526,
"height": 1912,
"width": 2940,
"total_frames": 110,
"video_name": "short_shuttle",
"fps": 57.89473684210526,
"height": 1912,
"width": 2940,
"total_frames": 110,
"video_name": "short_shuttle",
"fps": 57.89473684210526,
"height": 1912,
"width": 2940,
"total_frames": 110
}