{
"video_name": "doubles_short",
"fps": 58.095238095238095,
"height": 1912,
"width": 2940,
"total_frames": 61,
"video_name": "doubles_short",
"fps": 58.095238095238095,
"height": 1912,
"width": 2940,
"total_frames": 61,
"video_name": "doubles_short",
"fps": 58.095238095238095,
"height": 1912,
"width": 2940,
"total_frames": 61,
"video_name": "doubles_short",
"fps": 58.095238095238095,
"height": 1912,
"width": 2940,
"total_frames": 61,
"video_name": "doubles_short",
"fps": 58.095238095238095,
"height": 1912,
"width": 2940,
"total_frames": 61,
"video_name": "doubles_short",
"fps": 58.095238095238095,
"height": 1912,
"width": 2940,
"total_frames": 61
}