{
"video_name": "10sec",
"fps": 58.52272727272727,
"height": 1912,
"width": 2940,
"total_frames": 515,
"video_name": "10sec",
"fps": 58.52272727272727,
"height": 1912,
"width": 2940,
"total_frames": 515,
"video_name": "10sec",
"fps": 58.52272727272727,
"height": 1912,
"width": 2940,
"total_frames": 515,
"video_name": "10sec",
"fps": 58.52272727272727,
"height": 1912,
"width": 2940,
"total_frames": 515,
"video_name": "10sec",
"fps": 58.52272727272727,
"height": 1912,
"width": 2940,
"total_frames": 515,
"video_name": "10sec",
"fps": 58.52272727272727,
"height": 1912,
"width": 2940,
"total_frames": 515,
"video_name": "10sec",
"fps": 58.52272727272727,
"height": 1912,
"width": 2940,
"total_frames": 515,
"video_name": "10sec",
"fps": 58.52272727272727,
"height": 1912,
"width": 2940,
"total_frames": 515,
"video_name": "10sec",
"fps": 58.52272727272727,
"height": 1912,
"width": 2940,
"total_frames": 515,
"video_name": "10sec",
"fps": 58.52272727272727,
"height": 1912,
"width": 2940,
"total_frames": 515,
"video_name": "10sec",
"fps": 58.52272727272727,
"height": 1912,
"width": 2940,
"total_frames": 515,
"video_name": "10sec",
"fps": 58.52272727272727,
"height": 1912,
"width": 2940,
"total_frames": 515,
"video_name": "10sec",
"fps": 58.52272727272727,
"height": 1912,
"width": 2940,
"total_frames": 515,
"video_name": "10sec",
"fps": 58.52272727272727,
"height": 1912,
"width": 2940,
"total_frames": 515,
"video_name": "10sec",
"fps": 58.52272727272727,
"height": 1912,
"width": 2940,
"total_frames": 515
}