{
"video_name": "relay",
"fps": 59.65197215777262,
"height": 1912,
"width": 2940,
"total_frames": 1714,
"video_name": "relay",
"fps": 59.65197215777262,
"height": 1912,
"width": 2940,
"total_frames": 1714
}